{"cameraMode":{"drawMode":0,"name":"Shaded","section":"Shading Mode"},"sceneLighting":false,"audioPlay":false,"sceneViewState":{"showFog":true,"showMaterialUpdate":true,"showSkybox":true,"showFlares":true,"showImageEffects":true,"showParticleSystems":true},"in2DMode":false,"pivot":{"x":-2.247864007949829,"y":-0.7657384872436523,"z":-7.799311637878418},"rotation":{"x":-0.0008592539234086871,"y":0.9782938361167908,"z":-0.20729853212833405,"w":-0.004107206128537655},"size":15.458626747131348,"orthographic":false}