{"cameraMode":{"drawMode":0,"name":"Shaded","section":"Shading Mode"},"sceneLighting":false,"audioPlay":false,"sceneViewState":{"showFog":true,"showMaterialUpdate":true,"showSkybox":true,"showFlares":true,"showImageEffects":true,"showParticleSystems":true},"in2DMode":false,"pivot":{"x":-10.116917610168457,"y":-0.8202663660049439,"z":-5.413575172424316},"rotation":{"x":-0.04504217579960823,"y":0.927854597568512,"z":-0.1192399337887764,"w":-0.35051700472831728},"size":11.815340995788575,"orthographic":false}