{"cameraMode":{"drawMode":0,"name":"Shaded","section":"Shading Mode"},"sceneLighting":false,"audioPlay":false,"sceneViewState":{"showFog":true,"showMaterialUpdate":true,"showSkybox":true,"showFlares":true,"showImageEffects":true,"showParticleSystems":true},"in2DMode":false,"pivot":{"x":-2.247864007949829,"y":-0.7657384872436523,"z":-7.799311637878418},"rotation":{"x":-0.11078633368015289,"y":0.6213287115097046,"z":-0.08935116231441498,"w":-0.7705475687980652},"size":10.0,"orthographic":false}