{"cameraMode":{"drawMode":0,"name":"Shaded","section":"Shading Mode"},"sceneLighting":false,"audioPlay":false,"sceneViewState":{"showFog":true,"showMaterialUpdate":true,"showSkybox":true,"showFlares":true,"showImageEffects":true,"showParticleSystems":true},"in2DMode":false,"pivot":{"x":-2.247864007949829,"y":-0.7657384872436523,"z":-7.799311637878418},"rotation":{"x":-0.06284669041633606,"y":0.8974160552024841,"z":-0.13592156767845155,"w":-0.4150535464286804},"size":10.0,"orthographic":false}