{"cameraMode":{"drawMode":0,"name":"Shaded","section":"Shading Mode"},"sceneLighting":true,"audioPlay":false,"sceneViewState":{"showFog":true,"showMaterialUpdate":false,"showSkybox":true,"showFlares":true,"showImageEffects":true,"showParticleSystems":true},"in2DMode":false,"pivot":{"x":0.5136280059814453,"y":-0.1485891342163086,"z":-13.531597137451172},"rotation":{"x":0.21782007813453675,"y":0.28495559096336367,"z":-0.0666632279753685,"w":0.931082010269165},"size":9.637460708618164,"orthographic":false}